Remote,Booth,Station,Line Name,Division,COMPLEX ID,Latitude,Longitude
R001,A060,WHITEHALL ST,R1,BMT,635,40.702068,-74.013664
R001,A058,WHITEHALL ST,R1,BMT,635,40.702068,-74.013664
R001,R101S,SOUTH FERRY,R1,IRT,635,40.702068,-74.013664
R002,A077,FULTON ST,ACJZ2345,BMT,628,40.710368,-74.009509
R002,A081,FULTON ST,ACJZ2345,BMT,628,40.710368,-74.009509
R002,A082,FULTON ST,ACJZ2345,BMT,628,40.710368,-74.009509
R003,J025,CYPRESS HILLS,J,BMT,86,40.689941,-73.87255
R004,J028,ELDERTS LANE,JZ,BMT,85,40.691324,-73.867139
R005,J030,FOREST PARKWAY,J,BMT,84,40.692435,-73.86001
R006,J031,WOODHAVEN BLVD,JZ,BMT,83,40.693879,-73.851576
R006,J032,WOODHAVEN BLVD,JZ,BMT,83,40.693879,-73.851576
R007,J034,104 ST,JZ,BMT,82,40.695178,-73.84433
R008,J035,111 ST,J,BMT,81,40.697418,-73.836345
R009,J037,121 ST,JZ,BMT,80,40.700492,-73.828294
R010,N062A,42 ST-PA BUS TE,ACENQRS1237,IND,611,40.755983,-73.986229
R010,N060,42 ST-PA BUS TE,ACENQRS1237,IND,611,40.755983,-73.986229
R011,N063A,42 ST-PA BUS TE,ACENQRS1237,IND,611,40.755983,-73.986229
R011,N062,42 ST-PA BUS TE,ACENQRS1237,IND,611,40.755983,-73.986229
R011,N063,42 ST-PA BUS TE,ACENQRS1237,IND,611,40.755983,-73.986229
R012,N067,34 ST-PENN STA,ACE,IND,164,40.752287,-73.993391
R012,N065,34 ST-PENN STA,ACE,IND,164,40.752287,-73.993391
R012,N068,34 ST-PENN STA,ACE,IND,164,40.752287,-73.993391
R012,N070,34 ST-PENN STA,ACE,IND,164,40.752287,-73.993391
R012,N072,34 ST-PENN STA,ACE,IND,164,40.752287,-73.993391
R013,N071,34 ST-PENN STA,ACE,IND,164,40.752287,-73.993391
R013,N069,34 ST-PENN STA,ACE,IND,164,40.752287,-73.993391
R013,N073,34 ST-PENN STA,ACE,IND,164,40.752287,-73.993391
R014,N095,FULTON ST,ACJZ2345,IND,628,40.710368,-74.009509
R014,R205,FULTON ST,ACJZ2345,IRT,628,40.710368,-74.009509
R014,R206,FULTON ST,2345ACJZ,IRT,628,40.710368,-74.009509
R014,R208,FULTON ST,2345ACJZ,IRT,628,40.710368,-74.009509
R014,R205A,FULTON ST,2345ACJZ,IRT,628,40.710368,-74.009509
R015,N303,5 AVE-53 ST,EM,IND,276,40.760167,-73.975224
R015,N304,5 AVE-53 ST,EM,IND,276,40.760167,-73.975224
R016,N305A,LEXINGTON-53 ST,EM6,IND,612,40.757107,-73.97192
R017,N306,LEXINGTON-53 ST,EM6,IND,612,40.757107,-73.97192
R017,N305,LEXINGTON-53 ST,EM6,IND,612,40.757107,-73.97192
R018,N324,ROOSEVELT AVE,EFMR7,IND,616,40.746848,-73.891394
R018,N323,ROOSEVELT AVE,EFMR7,IND,616,40.746848,-73.891394
R018,R525,74 ST-BROADWAY,EFMR7,IRT,616,40.746848,-73.891394
R019,N343,JAMAICA-179 ST,F,IND,254,40.712646,-73.783817
R019,N342,JAMAICA-179 ST,F,IND,254,40.712646,-73.783817
R020,N500,47-50 ST-ROCK,BDFM,IND,225,40.758663,-73.981329
R020,N501,47-50 ST-ROCK,BDFM,IND,225,40.758663,-73.981329
R020,N501A,47-50 ST-ROCK,BDFM,IND,225,40.758663,-73.981329
R021,N503,42 ST-BRYANT PK,BDFM7,IND,609,40.753821,-73.981963
R021,N502,42 ST-BRYANT PK,BDFM7,IND,609,40.753821,-73.981963
R021,N504,42 ST-BRYANT PK,BDFM7,IND,609,40.753821,-73.981963
R022,N506,34 ST-HERALD SQ,BDFMNQR,IND,607,40.749719,-73.987823
R022,A022,34 ST-HERALD SQ,BDFMNQR,BMT,607,40.749719,-73.987823
R022,N505,34 ST-HERALD SQ,BDFMNQR,IND,607,40.749719,-73.987823
R023,N507,34 ST-HERALD SQ,BDFMNQR,IND,607,40.749719,-73.987823
R023,A025,34 ST-HERALD SQ,BDFMNQR,BMT,607,40.749719,-73.987823
R024,N605,SUTPHIN BLVD,EJZ,IND,279,40.700486,-73.807969
R025,N606,JAMAICA CENTER,EJZ,IND,278,40.702147,-73.801109
R025,N607,JAMAICA CENTER,EJZ,IND,278,40.702147,-73.801109
R027,R111,WALL ST,23,IRT,333,40.706821,-74.0091
R027,R110,WALL ST,23,IRT,333,40.706821,-74.0091
R027,R112,WALL ST,23,IRT,333,40.706821,-74.0091
R027,R112A,WALL ST,23,IRT,333,40.706821,-74.0091
R028,R113A,FULTON ST,2345ACJZ,IRT,628,40.710368,-74.009509
R028,R113,FULTON ST,2345ACJZ,IRT,628,40.710368,-74.009509
R028,R114,FULTON ST,2345ACJZ,IRT,628,40.710368,-74.009509
R029,R115,PARK PLACE,23ACE,IRT,624,40.713051,-74.008811
R029,N094,WORLD TRADE CTR,23ACE,IND,624,40.713051,-74.008811
R029,N091,CHAMBERS ST,ACE23,IND,624,40.713051,-74.008811
R029,N092,CHAMBERS ST,ACE23,IND,624,40.713051,-74.008811
R030,R116,CHAMBERS ST,123,IRT,327,40.715478,-74.009266
R031,R141,34 ST-PENN STA,123,IRT,318,40.750373,-73.991057
R031,R135,34 ST-PENN STA,123,IRT,318,40.750373,-73.991057
R031,R137,34 ST-PENN STA,123,IRT,318,40.750373,-73.991057
R031,R139,34 ST-PENN STA,123,IRT,318,40.750373,-73.991057
R032,R145,42 ST-TIMES SQ,1237ACENQRS,IRT,611,40.755983,-73.986229
R032,A021,42 ST-TIMES SQ,1237ACENQRS,BMT,611,40.755983,-73.986229
R032,R143,42 ST-TIMES SQ,ACENQRS1237,IRT,611,40.755983,-73.986229
R032,R146,42 ST-TIMES SQ,1237ACENQRS,IRT,611,40.755983,-73.986229
R033,R151,42 ST-TIMES SQ,1237ACENQRS,IRT,611,40.755983,-73.986229
R033,R148,42 ST-TIMES SQ,1237ACENQRS,IRT,611,40.755983,-73.986229
R033,R150,42 ST-TIMES SQ,1237ACENQRS,IRT,611,40.755983,-73.986229
R033,R153,42 ST-TIMES SQ,1237ACENQRS,IRT,611,40.755983,-73.986229
R033,R147,42 ST-TIMES SQ,1237ACENQRS,IRT,611,40.755983,-73.986229
R034,R174,125 ST,1,IRT,306,40.815581,-73.958372
R035,R182,168 ST-BROADWAY,1AC,IRT,605,40.840556,-73.940133
R035,N012,168 ST-BROADWAY,1AC,IND,605,40.840556,-73.940133
R035,N013,168 ST-BROADWAY,AC1,IND,605,40.840556,-73.940133
R036,R186,DYCKMAN ST,1,IRT,299,40.860531,-73.925536
R037,R188,207 ST,1,IRT,298,40.864621,-73.918822
R038,R190,215 ST,1,IRT,297,40.869444,-73.915279
R039,R192,MARBLE HILL-225,1,IRT,296,40.874561,-73.909831
R040,R194,231 ST,1,IRT,295,40.878856,-73.904834
R041,R201,BOWLING GREEN,45,IRT,414,40.704817,-74.014065
R041,R200A,BOWLING GREEN,45,IRT,414,40.704817,-74.014065
R042,R202,BOWLING GREEN,45,IRT,414,40.704817,-74.014065
R043,R203,WALL ST,45,IRT,413,40.707557,-74.011862
R043,R203A,WALL ST,45,IRT,413,40.707557,-74.011862
R043,R204,WALL ST,45,IRT,413,40.707557,-74.011862
R043,R204A,WALL ST,45,IRT,413,40.707557,-74.011862
R044,R210,BROOKLYN BRIDGE,456JZ,IRT,622,40.713065,-74.004131
R044,A069,CHAMBERS ST,456JZ,BMT,622,40.713065,-74.004131
R044,A071,CHAMBERS ST,JZ456,BMT,622,40.713065,-74.004131
R044,R210A,BROOKLYN BRIDGE,JZ456,IRT,622,40.713065,-74.004131
R045,R236,42 ST-GRD CNTRL,4567S,IRT,610,40.752769,-73.979189
R045,R233,42 ST-GRD CNTRL,4567S,IRT,610,40.752769,-73.979189
R046,R238,42 ST-GRD CNTRL,4567S,IRT,610,40.752769,-73.979189
R046,R237,42 ST-GRD CNTRL,4567S,IRT,610,40.752769,-73.979189
R046,R238A,42 ST-GRD CNTRL,4567S,IRT,610,40.752769,-73.979189
R047,R240,42 ST-GRD CNTRL,4567S,IRT,610,40.752769,-73.979189
R047,R237B,42 ST-GRD CNTRL,4567S,IRT,610,40.752769,-73.979189
R048,R241A,42 ST-GRD CNTRL,4567S,IRT,610,40.752769,-73.979189
R049,R243,51 ST,6,IRT,612,40.757107,-73.97192
R049,R242,51 ST,6,IRT,612,40.757107,-73.97192
R049,R242A,51 ST,6,IRT,612,40.757107,-73.97192
R050,R244,59 ST,456NQR,IRT,613,40.762526,-73.967967
R050,R244A,59 ST,456NQR,IRT,613,40.762526,-73.967967
R050,A004,LEXINGTON AVE,456NQR,BMT,613,40.762526,-73.967967
R051,R245,59 ST,456NQR,IRT,613,40.762526,-73.967967
R051,R245A,59 ST,456NQR,IRT,613,40.762526,-73.967967
R051,A002,LEXINGTON AVE,456NQR,BMT,613,40.762526,-73.967967
R052,R294,WOODLAWN ROAD,4,IRT,378,40.886037,-73.878751
R053,R311,149 ST-3 AVE,25,IRT,434,40.816109,-73.917757
R053,R310,149 ST-3 AVE,25,IRT,434,40.816109,-73.917757
R054,R501,5 AVE-BRYANT PK,7BDFM,IRT,609,40.753821,-73.981963
R054,R500,5 AVE-BRYANT PK,7BDFM,IRT,609,40.753821,-73.981963
R055,R533,MAIN ST,7,IRT,447,40.7596,-73.83003
R055,R534,MAIN ST,7,IRT,447,40.7596,-73.83003
R056,R608,NEVINS ST,2345,IRT,337,40.688246,-73.980492
R056,R609,NEVINS ST,2345,IRT,337,40.688246,-73.980492
R057,R610,ATLANTIC AVE,2345BDNQR,IRT,617,40.684359,-73.977666
R057,B001,ATLANTIC AVE,2345BDNQR,BMT,617,40.684359,-73.977666
R057,B002,ATLANTIC AVE,BDNQR2345,BMT,617,40.684359,-73.977666
R057,C009,PACIFIC ST,BDNQR2345,BMT,617,40.684359,-73.977666
R058,R617,BERGEN ST,23,IRT,339,40.680829,-73.975098
R058,R618,BERGEN ST,23,IRT,339,40.680829,-73.975098
R059,R619,GRAND ARMY PLAZ,23,IRT,340,40.675235,-73.971046
R060,R621,EASTERN PKWY,23,IRT,341,40.671987,-73.964375
R061,R623,NOSTRAND AVE,3,IRT,343,40.669847,-73.950466
R062,R626,CROWN HTS-UTICA,34,IRT,345,40.668897,-73.932942
R062,R625,CROWN HTS-UTICA,34,IRT,345,40.668897,-73.932942
R063,R627,SUTTER AVE,3,IRT,346,40.664717,-73.92261
R064,R628,SARATOGA AVE,3,IRT,347,40.661453,-73.916327
R065,R629,ROCKAWAY AVE,3,IRT,348,40.662549,-73.908946
R066,R630,JUNIUS ST,3,IRT,349,40.663515,-73.902447
R067,R632,PENNSYLVANIA AV,3,IRT,350,40.664635,-73.894895
R068,R633,VAN SICLEN AVE,3,IRT,351,40.665449,-73.889395
R069,R634,NEW LOTS AVE,3,IRT,352,40.666235,-73.884079
R070,S101,ST. GEORGE,1,SRT,501,40.643748,-74.073643
R070,S101A,ST. GEORGE,1,SRT,501,40.643748,-74.073643
R076,MCC07,2 BDWY CUST SRV,45,IRT,414,40.704817,-74.014065
R079,A006,5 AVE-59 ST,NQR,BMT,8,40.764811,-73.973347
R079,A007,5 AVE-59 ST,NQR,BMT,8,40.764811,-73.973347
R080,A010,57 ST-7 AVE,NQR,BMT,9,40.764664,-73.980658
R080,A011,57 ST-7 AVE,NQR,BMT,9,40.764664,-73.980658
R081,A015,49 ST-7 AVE,NQR,BMT,10,40.759901,-73.984139
R081,A013,49 ST-7 AVE,NQR,BMT,10,40.759901,-73.984139
R081,A014,49 ST-7 AVE,NQR,BMT,10,40.759901,-73.984139
R081,A016,49 ST-7 AVE,NQR,BMT,10,40.759901,-73.984139
R082,A029,28 ST-BROADWAY,NR,BMT,13,40.745494,-73.988691
R082,A027,28 ST-BROADWAY,NR,BMT,13,40.745494,-73.988691
R083,A031,23 ST-5 AVE,NR,BMT,14,40.741303,-73.989344
R083,A030,23 ST-5 AVE,NR,BMT,14,40.741303,-73.989344
R084,R158,59 ST-COLUMBUS,1ABCD,IRT,614,40.768247,-73.981929
R084,N049,59 ST-COLUMBUS,1ABCD,IND,614,40.768247,-73.981929
R084,N051,59 ST-COLUMBUS,ABCD1,IND,614,40.768247,-73.981929
R085,A038,8 ST-B'WAY NYU,NR,BMT,16,40.730328,-73.992629
R085,A039,8 ST-B'WAY NYU,NR,BMT,16,40.730328,-73.992629
R086,A041,PRINCE ST-B'WAY,NR,BMT,17,40.724329,-73.997702
R086,A042,PRINCE ST-B'WAY,NR,BMT,17,40.724329,-73.997702
R087,A047,MURRAY ST-B'WAY,R,BMT,20,40.713282,-74.006978
R088,A050,CORTLANDT ST,R,BMT,624,40.713051,-74.008811
R088,A052,CORTLANDT ST,R,BMT,624,40.713051,-74.008811
R088,A051,CORTLANDT ST,R,BMT,624,40.713051,-74.008811
R088,A053,CORTLANDT ST,R,BMT,624,40.713051,-74.008811
R089,C003,JAY ST-METROTEC,R,BMT,636,40.692338,-73.987342
R089,C004,JAY ST-METROTEC,R,BMT,636,40.692338,-73.987342
R090,R510,BEEBE-39 AVE,NQ,BMT,6,40.752882,-73.932755
R091,R511,WASHINGTON-36 A,NQ,BMT,5,40.756804,-73.929575
R092,R512,BROADWAY-31 ST,NQ,BMT,4,40.76182,-73.925508
R093,R513,GRAND-30 AVE,NQ,BMT,3,40.766779,-73.921479
R094,R514,HOYT ST-ASTORIA,NQ,BMT,2,40.770258,-73.917843
R095,R515,DITMARS BL-31 S,NQ,BMT,1,40.775036,-73.912034
R096,R526,82 ST-JACKSON H,7,IRT,453,40.747659,-73.883697
R097,R528,JUNCTION BLVD,7,IRT,451,40.749145,-73.869527
R098,B016,CHURCH AVE,BQ,BMT,44,40.650527,-73.962982
R098,B015,CHURCH AVE,BQ,BMT,44,40.650527,-73.962982
R099,C008,DEKALB AVE,BDNQR,BMT,26,40.690635,-73.981824
R100,K026,METROPOLITAN AV,M,BMT,108,40.711396,-73.889601
R101,N020,145 ST,ABCD,IND,151,40.824783,-73.944216
R101,N019,145 ST,ABCD,IND,151,40.824783,-73.944216
R102,N026,125 ST,ACBD,IND,153,40.811109,-73.952343
R102,N025,125 ST,ACBD,IND,153,40.811109,-73.952343
R103,N124,BROADWAY-ENY,ACJLZ,IND,621,40.678334,-73.905316
R104,N207,167 ST,BD,IND,218,40.833771,-73.91844
R104,N206,167 ST,BD,IND,218,40.833771,-73.91844
R105,R127,14 ST,123FLM,IRT,601,40.737826,-74.000201
R105,R128,14 ST,123FLM,IRT,601,40.737826,-74.000201
R106,R418,CASTLE HILL AVE,6,IRT,365,40.834255,-73.851222
R107,R420,WESTCHESTER SQ,6,IRT,363,40.839892,-73.842952
R108,R602,BOROUGH HALL/CT,2345R,IRT,620,40.692404,-73.990151
R108,C001,BOROUGH HALL/CT,2345R,BMT,620,40.692404,-73.990151
R108,R601A,BOROUGH HALL/CT,R2345,IRT,620,40.692404,-73.990151
R108,R604,BOROUGH HALL/CT,2345R,IRT,620,40.692404,-73.990151
R109,R639,CHURCH AVE,25,IRT,356,40.650843,-73.949575
R110,R645,FLATBUSH AVE,25,IRT,359,40.632836,-73.947642
R110,R646,FLATBUSH AVE,25,IRT,359,40.632836,-73.947642
R110,R647,FLATBUSH AVE,25,IRT,359,40.632836,-73.947642
R111,N076,23 ST,CE,IND,165,40.745906,-73.998041
R111,N075,23 ST,CE,IND,165,40.745906,-73.998041
R111,N077,23 ST,CE,IND,165,40.745906,-73.998041
R112,N217,FORDHAM ROAD,BD,IND,213,40.861296,-73.897749
R112,N218,FORDHAM ROAD,BD,IND,213,40.861296,-73.897749
R113,N301,7 AVE-53 ST,BDE,IND,277,40.762862,-73.981637
R113,N300,7 AVE-53 ST,BDE,IND,277,40.762862,-73.981637
R114,N339A,PARSONS BLVD,F,IND,256,40.707564,-73.803326
R114,N339,PARSONS BLVD,F,IND,256,40.707564,-73.803326
R115,N340,169 ST,F,IND,255,40.71047,-73.793604
R115,N340A,169 ST,F,IND,255,40.71047,-73.793604
R116,R154,50 ST,1,IRT,316,40.761728,-73.983849
R116,R155,50 ST,1,IRT,316,40.761728,-73.983849
R117,R197,242 ST,1,IRT,293,40.889248,-73.898583
R118,A066,CANAL ST,JNQRZ6,BMT,623,40.718803,-74.000193
R119,R289,FORDHAM ROAD,4,IRT,382,40.862803,-73.901034
R120,R415,MORRISON AVE,6,IRT,368,40.829521,-73.874516
R121,R509,QUEENSBORO PLZ,7NQ,IRT,461,40.750582,-73.940202
R122,R527,90 ST-ELMHURST,7,IRT,452,40.748408,-73.876613
R123,R622,FRANKLIN AVE,2345S,IRT,626,40.670682,-73.958131
R124,R624,KINGSTON AVE,3,IRT,344,40.669399,-73.942161
R125,A083,BROAD ST,JZ,BMT,107,40.706476,-74.011056
R125,A084,BROAD ST,JZ,BMT,107,40.706476,-74.011056
R125,A085,BROAD ST,JZ,BMT,107,40.706476,-74.011056
R126,N010,175 ST,A,IND,147,40.847391,-73.939704
R126,N011,175 ST,A,IND,147,40.847391,-73.939704
R127,N103,JAY ST-METROTEC,ACF,IND,636,40.692338,-73.987342
R127,N102,JAY ST-METROTEC,ACF,IND,636,40.692338,-73.987342
R128,N338B,SUTPHIN BLVD,F,IND,257,40.70546,-73.810708
R128,N338,SUTPHIN BLVD,F,IND,257,40.70546,-73.810708
R129,N532,BERGEN ST,FG,IND,236,40.686145,-73.990862
R129,N531,BERGEN ST,FG,IND,236,40.686145,-73.990862
R129,N533,BERGEN ST,FG,IND,236,40.686145,-73.990862
R130,N557,KINGS HIGHWAY,F,IND,250,40.603217,-73.972361
R130,N558,KINGS HIGHWAY,F,IND,250,40.603217,-73.972361
R131,R227,23 ST,6,IRT,405,40.739864,-73.986599
R131,R227A,23 ST,6,IRT,405,40.739864,-73.986599
R131,R226,23 ST,6,IRT,405,40.739864,-73.986599
R131,R226A,23 ST,6,IRT,405,40.739864,-73.986599
R132,R258,125 ST,456,IRT,392,40.804138,-73.937594
R133,R293,MOSHOLU PARKWAY,4,IRT,379,40.87975,-73.884655
R134,R507,HUNTERS PT AVE,7,IRT,463,40.742216,-73.948916
R135,R643,NEWKIRK AVE,25,IRT,358,40.639967,-73.948411
R135,R644,NEWKIRK AVE,25,IRT,358,40.639967,-73.948411
R136,B027,SHEEPSHEAD BAY,BQ,BMT,54,40.586896,-73.954155
R136,B028,SHEEPSHEAD BAY,BQ,BMT,54,40.586896,-73.954155
R137,H026,MYRTLE AVE,LM,BMT,630,40.699814,-73.911586
R137,H027,MYRTLE AVE,LM,BMT,630,40.699814,-73.911586
R138,N080,W 4 ST-WASH SQ,ABCDEFM,IND,167,40.732338,-74.000495
R138,N083,W 4 ST-WASH SQ,ABCDEFM,IND,167,40.732338,-74.000495
R139,N089,CANAL ST,ACE,IND,169,40.720824,-74.005229
R139,N090,CANAL ST,ACE,IND,169,40.720824,-74.005229
R140,N309A,QUEENS PLAZA,EMR,IND,273,40.748973,-73.937243
R140,N310,QUEENS PLAZA,EMR,IND,273,40.748973,-73.937243
R141,N333A,FOREST HILLS-71,EFMR,IND,261,40.721691,-73.844521
R141,N333,FOREST HILLS-71,EFMR,IND,261,40.721691,-73.844521
R141,N333B,FOREST HILLS-71,EFMR,IND,261,40.721691,-73.844521
R142,A061,ESSEX ST,FJMZ,BMT,625,40.718611,-73.988114
R142,N525,DELANCEY ST,FJMZ,IND,625,40.718611,-73.988114
R142,N526,DELANCEY ST,FJMZ,IND,625,40.718611,-73.988114
R143,R228,28 ST,6,IRT,404,40.74307,-73.984264
R143,R229,28 ST,6,IRT,404,40.74307,-73.984264
R143,R230,28 ST,6,IRT,404,40.74307,-73.984264
R144,R251,96 ST,6,IRT,396,40.785672,-73.95107
R145,R336,WAKEFIELD-241,2,IRT,416,40.903125,-73.85062
R146,R412,HUNTS POINT AVE,6,IRT,371,40.820948,-73.890549
R147,R523,61 ST/WOODSIDE,7,IRT,456,40.74563,-73.902984
R148,B014,PARKSIDE AVE,BQ,BMT,43,40.655292,-73.961495
R149,B019,NEWKIRK AVE,BQ,BMT,47,40.635082,-73.962793
R150,B025,AVE U,BQ,BMT,52,40.5993,-73.955929
R151,G001,STILLWELL AVE,DFNQ,BMT,58,40.577422,-73.981233
R151,G009,STILLWELL AVE,DFNQ,BMT,58,40.577422,-73.981233
R152,H041,ROCKAWAY PKY,L,BMT,138,40.646654,-73.90185
R153,N120,UTICA AVE,AC,IND,181,40.679364,-73.930729
R153,N120A,UTICA AVE,AC,IND,181,40.679364,-73.930729
R154,N213,TREMONT AVE,BD,IND,215,40.85041,-73.905227
R154,N214,TREMONT AVE,BD,IND,215,40.85041,-73.905227
R155,N221,KINGSBRIDGE RD,BD,IND,212,40.866978,-73.893509
R155,N220,KINGSBRIDGE RD,BD,IND,212,40.866978,-73.893509
R156,N222,BEDFORD PARK BL,BD,IND,211,40.873244,-73.887138
R156,N223,BEDFORD PARK BL,BD,IND,211,40.873244,-73.887138
R157,N224,NORWOOD-205 ST,D,IND,210,40.874811,-73.878855
R157,N225,NORWOOD-205 ST,D,IND,210,40.874811,-73.878855
R158,N336,UNION TPK-KEW G,EF,IND,259,40.714441,-73.831008
R158,N335,UNION TPK-KEW G,EF,IND,259,40.714441,-73.831008
R159,R173,116 ST-COLUMBIA,1,IRT,307,40.807722,-73.96411
R160,R219,ASTOR PLACE,6,IRT,407,40.730054,-73.99107
R160,R220,ASTOR PLACE,6,IRT,407,40.730054,-73.99107
R161,R290,KINGSBRIDGE RD,4,IRT,381,40.86776,-73.897174
R162,R414,ELDER AVE,6,IRT,369,40.828584,-73.879159
R163,N512,14 ST-6 AVE,FLM123,IND,601,40.737826,-74.000201
R163,H003,6 AVE,FLM123,BMT,601,40.737826,-74.000201
R163,N510,14 ST-6 AVE,FLM123,IND,601,40.737826,-74.000201
R163,N511,14 ST-6 AVE,FLM123,IND,601,40.737826,-74.000201
R163,N513,14 ST-6 AVE,FLM123,IND,601,40.737826,-74.000201
R164,R160A,66 ST-LINCOLN,1,IRT,314,40.77344,-73.982209
R164,R159,66 ST-LINCOLN,1,IRT,314,40.77344,-73.982209
R164,R160,66 ST-LINCOLN,1,IRT,314,40.77344,-73.982209
R165,S102,TOMPKINSVILLE,1,SRT,502,40.636949,-74.074835
R166,R162,79 ST,1,IRT,312,40.783934,-73.979917
R166,R163,79 ST,1,IRT,312,40.783934,-73.979917
R167,R164,86 ST,1,IRT,311,40.788644,-73.976218
R167,R165,86 ST,1,IRT,311,40.788644,-73.976218
R167,R166,86 ST,1,IRT,311,40.788644,-73.976218
R168,R168A,96 ST,123,IRT,310,40.793919,-73.972323
R168,R168,96 ST,123,IRT,310,40.793919,-73.972323
R169,R176,137 ST-CITY COL,1,IRT,305,40.822008,-73.953676
R169,R175,137 ST-CITY COL,1,IRT,305,40.822008,-73.953676
R170,A035,14 ST-UNION SQ,LNQR456,BMT,602,40.734673,-73.989951
R170,R221,14 ST-UNION SQ,LNQR456,IRT,602,40.734673,-73.989951
R170,A033,14 ST-UNION SQ,456LNQR,BMT,602,40.734673,-73.989951
R170,A034,14 ST-UNION SQ,LNQR456,BMT,602,40.734673,-73.989951
R170,A036,14 ST-UNION SQ,LNQR456,BMT,602,40.734673,-73.989951
R170,A037,14 ST-UNION SQ,LNRQ456,BMT,602,40.734673,-73.989951
R171,B004,7 AVE,BQ,BMT,41,40.67705,-73.972367
R172,B029,BRIGHTON BEACH,BQ,BMT,55,40.577621,-73.961376
R172,B031,BRIGHTON BEACH,BQ,BMT,55,40.577621,-73.961376
R173,N002A,INWOOD-207 ST,A,IND,143,40.868072,-73.919899
R173,N001,INWOOD-207 ST,A,IND,143,40.868072,-73.919899
R174,N007A,181 ST,A,IND,146,40.851695,-73.937969
R174,N009,181 ST,A,IND,146,40.851695,-73.937969
R175,H001,8 AVE,ACEL,BMT,618,40.740893,-74.00169
R175,N078,14 ST,ACEL,IND,618,40.740893,-74.00169
R176,R231,33 ST,6,IRT,403,40.746081,-73.982076
R176,R231A,33 ST,6,IRT,403,40.746081,-73.982076
R176,R232,33 ST,6,IRT,403,40.746081,-73.982076
R176,R232A,33 ST,6,IRT,403,40.746081,-73.982076
R177,R246,68ST-HUNTER COL,6,IRT,399,40.768141,-73.96387
R178,R248,77 ST,6,IRT,398,40.77362,-73.959874
R178,R247,77 ST,6,IRT,398,40.77362,-73.959874
R179,R250,86 ST,456,IRT,397,40.779492,-73.955589
R179,R249,86 ST,456,IRT,397,40.779492,-73.955589
R180,R252,103 ST,6,IRT,395,40.7906,-73.947478
R181,R253,110 ST,6,IRT,394,40.79502,-73.94425
R181,R254,110 ST,6,IRT,394,40.79502,-73.94425
R182,R256,116 ST,6,IRT,393,40.798629,-73.941617
R182,R257,116 ST,6,IRT,393,40.798629,-73.941617
R183,R291,BEDFORD PARK BL,4,IRT,380,40.873412,-73.890064
R184,B018,CORTELYOU ROAD,BQ,BMT,46,40.640927,-73.963891
R185,N003,DYCKMAN-200 ST,A,IND,144,40.865491,-73.927271
R186,N043,86 ST,BC,IND,158,40.785868,-73.968916
R186,N042,86 ST,BC,IND,158,40.785868,-73.968916
R187,N044,81 ST-MUSEUM,BC,IND,159,40.781433,-73.972143
R187,N045,81 ST-MUSEUM,BC,IND,159,40.781433,-73.972143
R188,N057,50 ST,CE,IND,162,40.762456,-73.985984
R188,N056,50 ST,CE,IND,162,40.762456,-73.985984
R189,R125,CHRISTOPHER ST,1,IRT,323,40.733422,-74.002906
R189,R126,CHRISTOPHER ST,1,IRT,323,40.733422,-74.002906
R190,R131,23 ST,1,IRT,320,40.744081,-73.995657
R190,R132,23 ST,1,IRT,320,40.744081,-73.995657
R191,R170,103 ST,1,IRT,309,40.799446,-73.968379
R192,R172,110 ST-CATHEDRL,1,IRT,308,40.803967,-73.966847
R192,R171,110 ST-CATHEDRL,1,IRT,308,40.803967,-73.966847
R193,R180,157 ST,1,IRT,303,40.834041,-73.94489
R193,R179,157 ST,1,IRT,303,40.834041,-73.94489
R194,R217A,BLEECKER ST,6DF,IRT,619,40.725915,-73.994659
R195,N203,161 ST-YANKEE,BD4,IND,604,40.827994,-73.925831
R195,N204,161 ST-YANKEE,BD4,IND,604,40.827994,-73.925831
R195,N205,161 ST-YANKEE,BD4,IND,604,40.827994,-73.925831
R195,R262,161 ST-YANKEE,BD4,IRT,604,40.827994,-73.925831
R195,R262A,161 ST-YANKEE,4BD,IRT,604,40.827994,-73.925831
R195,R262B,161 ST-YANKEE,4BD,IRT,604,40.827994,-73.925831
R196,B012,PROSPECT PARK,BQS,BMT,42,40.661614,-73.962246
R196,B013,PROSPECT PARK,BQS,BMT,42,40.661614,-73.962246
R197,C018,36 ST,DNR,BMT,32,40.655144,-74.003549
R198,N116,NOSTRAND AVE,AC,IND,179,40.680438,-73.950426
R198,N117,NOSTRAND AVE,AC,IND,179,40.680438,-73.950426
R199,N119,KINGSTON-THROOP,C,IND,180,40.679921,-73.940858
R199,N118,KINGSTON-THROOP,C,IND,180,40.679921,-73.940858
R200,N128,EUCLID AVE,AC,IND,188,40.675377,-73.872106
R201,N329,WOODHAVEN BLVD,MR,IND,264,40.733106,-73.869229
R201,N329A,WOODHAVEN BLVD,MR,IND,264,40.733106,-73.869229
R202,N330B,63 DR-REGO PARK,MR,IND,263,40.729846,-73.861604
R202,N330C,63 DR-REGO PARK,MR,IND,263,40.729846,-73.861604
R203,N509,23 ST-6 AVE,FM,IND,228,40.742878,-73.992821
R204,N546,CHURCH AVE,FG,IND,243,40.644041,-73.979678
R204,N545,CHURCH AVE,FG,IND,243,40.644041,-73.979678
R205,R261,149 ST-GR CONC,245,IRT,603,40.81841,-73.926718
R205,R260,149 ST-GR CONC,245,IRT,603,40.81841,-73.926718
R206,R304,125 ST,23,IRT,439,40.807754,-73.945495
R206,R305,125 ST,23,IRT,439,40.807754,-73.945495
R207,R306,135 ST,23,IRT,438,40.814229,-73.94077
R207,R307,135 ST,23,IRT,438,40.814229,-73.94077
R208,R529,103 ST-CORONA,7,IRT,450,40.749865,-73.8627
R209,R636,STERLING ST,25,IRT,354,40.662742,-73.95085
R210,R641,BEVERLY ROAD,25,IRT,357,40.645098,-73.948959
R211,B024,KINGS HIGHWAY,BQ,BMT,51,40.60867,-73.957734
R211,B023,KINGS HIGHWAY,BQ,BMT,51,40.60867,-73.957734
R211,B024A,KINGS HIGHWAY,BQ,BMT,51,40.60867,-73.957734
R212,C021,59 ST,NR,BMT,35,40.641362,-74.017881
R212,C022,59 ST,NR,BMT,35,40.641362,-74.017881
R213,C023,BAY RIDGE AVE,R,BMT,36,40.634967,-74.023377
R214,C024,77 ST,R,BMT,37,40.629742,-74.02551
R215,C025,86 ST,R,BMT,38,40.622687,-74.028398
R215,C026,86 ST,R,BMT,38,40.622687,-74.028398
R216,C027,BAY RIDGE-95 ST,R,BMT,39,40.616622,-74.030876
R216,C028,BAY RIDGE-95 ST,R,BMT,39,40.616622,-74.030876
R217,N108,HOYT/SCHERMER,ACG,IND,175,40.688484,-73.985001
R218,N325A,ELMHURST AVE,MR,IND,266,40.742454,-73.882017
R219,N331,67 AVE,MR,IND,262,40.726523,-73.852719
R219,N332,67 AVE,MR,IND,262,40.726523,-73.852719
R220,N535,CARROLL ST,FG,IND,237,40.680303,-73.995048
R220,N534,CARROLL ST,FG,IND,237,40.680303,-73.995048
R221,R283,167 ST,4,IRT,388,40.835537,-73.9214
R222,R417,E 177 ST-PARKCH,6,IRT,366,40.833226,-73.860816
R223,R519,46 ST-BLISS ST,7,IRT,458,40.743132,-73.918435
R223,R520,46 ST-BLISS ST,7,IRT,458,40.743132,-73.918435
R224,R600,CLARK ST,23,IRT,334,40.697466,-73.993086
R225,R606,HOYT ST,23,IRT,336,40.690545,-73.985065
R226,R728,GUN HILL ROAD,5,IRT,444,40.869526,-73.846384
R227,A055,RECTOR ST,R,BMT,22,40.70722,-74.013342
R227,A054,RECTOR ST,R,BMT,22,40.70722,-74.013342
R228,B021,AVE J,BQ,BMT,49,40.625039,-73.960803
R229,B022,AVE M,BQ,BMT,50,40.617618,-73.959399
R230,B026,NECK ROAD,BQ,BMT,53,40.595246,-73.955161
R231,C010,UNION ST,R,BMT,28,40.677316,-73.98311
R231,C011,UNION ST,R,BMT,28,40.677316,-73.98311
R232,C019,45 ST,R,BMT,33,40.648939,-74.010006
R233,C020,53 ST,R,BMT,34,40.645069,-74.014034
R234,E004,50 ST,D,BMT,61,40.63626,-73.994791
R235,H009,BEDFORD AVE,L,BMT,120,40.717304,-73.956872
R236,H023,DEKALB AVE,L,BMT,127,40.703811,-73.918425
R237,N215,182-183 ST,BD,IND,214,40.856093,-73.900741
R238,N315,STEINWAY ST,MR,IND,271,40.756879,-73.92074
R238,N314,STEINWAY ST,MR,IND,271,40.756879,-73.92074
R239,N405,GREENPOINT AVE,G,IND,283,40.731352,-73.954449
R239,N403,GREENPOINT AVE,G,IND,283,40.731352,-73.954449
R240,N520,GRAND ST,BD,IND,231,40.718267,-73.993753
R241,N542,15 ST-PROSPECT,FG,IND,241,40.660365,-73.979493
R241,N541,15 ST-PROSPECT,FG,IND,241,40.660365,-73.979493
R242,N549,18 AVE,F,IND,245,40.629755,-73.976971
R242,N550,18 AVE,F,IND,245,40.629755,-73.976971
R243,R284,170 ST,4,IRT,387,40.840075,-73.917791
R244,R287,BURNSIDE AVE,4,IRT,384,40.853453,-73.907684
R245,R416,ST LAWRENCE AVE,6,IRT,367,40.831509,-73.867618
R246,C014,PROSPECT AVE,R,BMT,30,40.665414,-73.992872
R247,E005,55 ST,D,BMT,62,40.631435,-73.995476
R248,H007,1 AVE,L,BMT,119,40.730953,-73.981628
R248,H008,1 AVE,L,BMT,119,40.730953,-73.981628
R249,H014,GRAHAM AVE,L,BMT,122,40.714565,-73.944053
R249,H013,GRAHAM AVE,L,BMT,122,40.714565,-73.944053
R250,H016,GRAND ST,L,BMT,123,40.711926,-73.94067
R250,H015,GRAND ST,L,BMT,123,40.711926,-73.94067
R251,N040,96 ST,BC,IND,157,40.791642,-73.964696
R251,N039,96 ST,BC,IND,157,40.791642,-73.964696
R252,N100,HIGH ST,AC,IND,173,40.699337,-73.990531
R252,N101,HIGH ST,AC,IND,173,40.699337,-73.990531
R253,N210,174-175 ST,BD,IND,216,40.8459,-73.910136
R253,N212,174-175 ST,BD,IND,216,40.8459,-73.910136
R254,N327,GRAND AV-NEWTON,MR,IND,265,40.737015,-73.877223
R255,N337,VAN WYCK BLVD,EF,IND,258,40.709179,-73.820574
R256,N408A,NASSAU AV,G,IND,284,40.724635,-73.951277
R257,N529,EAST BROADWAY,F,IND,234,40.713715,-73.990173
R257,N528,EAST BROADWAY,F,IND,234,40.713715,-73.990173
R258,N537,4 AVE,DFGMNR,IND,608,40.670272,-73.989779
R258,C012,9 ST,DFGMNR,BMT,608,40.670272,-73.989779
R259,N602,ROOSEVELT IS,F,IND,222,40.759145,-73.95326
R260,R183,181 ST,1,IRT,301,40.849505,-73.933596
R261,R518,40 ST-LOWERY ST,7,IRT,459,40.743781,-73.924016
R262,B017,BEVERLEY ROAD,BQ,BMT,45,40.644031,-73.964492
R263,B020,AVE H,BQ,BMT,48,40.62927,-73.961639
R264,B032,OCEAN PARKWAY,Q,BMT,56,40.576312,-73.968501
R264,B034,OCEAN PARKWAY,Q,BMT,56,40.576312,-73.968501
R265,H017,MONTROSE AVE,L,BMT,124,40.707739,-73.93985
R266,H028,HALSEY ST,L,BMT,129,40.695602,-73.904084
R266,H030,HALSEY ST,L,BMT,129,40.695602,-73.904084
R267,N316,46 ST,MR,IND,270,40.756312,-73.913333
R267,N316A,46 ST,MR,IND,270,40.756312,-73.913333
R267,N317,46 ST,MR,IND,270,40.756312,-73.913333
R268,N409,METROPOLITAN AV,GL,IND,629,40.712792,-73.951418
R268,H012,LORIMER ST,GL,BMT,629,40.712792,-73.951418
R269,N417,BEDFORD/NOSTRAN,G,IND,289,40.689627,-73.953522
R269,N418,BEDFORD/NOSTRAN,G,IND,289,40.689627,-73.953522
R270,N536,SMITH-9 ST,FG,IND,238,40.67358,-73.995959
R271,N561,AVE X,F,IND,252,40.58962,-73.97425
R272,R133,28 ST,1,IRT,319,40.747215,-73.993365
R272,R134,28 ST,1,IRT,319,40.747215,-73.993365
R273,R178,145 ST,1,IRT,304,40.826551,-73.95036
R273,R177,145 ST,1,IRT,304,40.826551,-73.95036
R274,R185,191 ST,1,IRT,300,40.855225,-73.929412
R275,R288,183 ST,4,IRT,383,40.858407,-73.903879
R276,R504,VERNON/JACKSON,7,IRT,464,40.742626,-73.953581
R276,R503,VERNON/JACKSON,7,IRT,464,40.742626,-73.953581
R276,R506,VERNON/JACKSON,7,IRT,464,40.742626,-73.953581
R277,R635,PRESIDENT ST,25,IRT,353,40.667883,-73.950683
R278,C016,25 ST,R,BMT,31,40.660397,-73.998091
R279,H022,JEFFERSON ST,L,BMT,126,40.706607,-73.922913
R280,N006A,190 ST,A,IND,145,40.859022,-73.93418
R281,N046,72 ST,BC,IND,160,40.775594,-73.97641
R282,N086,SPRING ST,CE,IND,168,40.726227,-74.003739
R282,N087,SPRING ST,CE,IND,168,40.726227,-74.003739
R283,N110,LAFAYETTE AVE,C,IND,176,40.686113,-73.973946
R284,N111,CLINTON-WASH AV,C,IND,177,40.683263,-73.965838
R284,N112A,CLINTON-WASH AV,C,IND,177,40.683263,-73.965838
R285,N196,FAR ROCKAWAY,A,IND,209,40.603995,-73.755405
R286,N415,MYRTLE-WILLOUGH,G,IND,288,40.694568,-73.949046
R286,N416,MYRTLE-WILLOUGH,G,IND,288,40.694568,-73.949046
R287,N419,CLASSON AVE,G,IND,290,40.688873,-73.96007
R288,N539A,7 AV-PARK SLOPE,FG,IND,240,40.666271,-73.980305
R289,N543,FT HAMILTON PKY,FG,IND,242,40.650782,-73.975776
R289,N544,FT HAMILTON PKY,FG,IND,242,40.650782,-73.975776
R290,R123,HOUSTON ST,1,IRT,324,40.728251,-74.005367
R290,R121,HOUSTON ST,1,IRT,324,40.728251,-74.005367
R290,R122,HOUSTON ST,1,IRT,324,40.728251,-74.005367
R290,R124,HOUSTON ST,1,IRT,324,40.728251,-74.005367
R291,R516,33 ST/RAWSON ST,7,IRT,460,40.744587,-73.930997
R291,R517,33 ST/RAWSON ST,7,IRT,460,40.744587,-73.930997
R292,R729,BAYCHESTER AVE,5,IRT,443,40.878663,-73.838591
R293,R138,34 ST-PENN STA,123ACE,IRT,164,40.752287,-73.993391
R293,R142,34 ST-PENN STA,123ACE,IRT,318,40.750373,-73.991057
R294,H019,MORGAN AVE,L,BMT,125,40.706152,-73.933147
R295,H032,WILSON AVE,L,BMT,130,40.688764,-73.904046
R296,N016A,163 ST-AMSTERDM,C,IND,149,40.836013,-73.939892
R297,N113,FRANKLIN AVE,ACS,IND,627,40.68138,-73.956848
R297,N114,FRANKLIN AVE,ACS,IND,627,40.68138,-73.956848
R298,N318,NORTHERN BLVD,MR,IND,269,40.752885,-73.906006
R298,N319,NORTHERN BLVD,MR,IND,269,40.752885,-73.906006
R299,N412,BROADWAY,G,IND,286,40.706092,-73.950308
R300,N523,2 AVE,F,IND,232,40.723402,-73.989938
R300,N521,2 AVE,F,IND,232,40.723402,-73.989938
R301,N530,YORK ST,F,IND,235,40.701397,-73.986751
R302,N600,57 ST,F,IND,224,40.763972,-73.97745
R303,N603,21 ST,F,IND,221,40.754203,-73.942836
R304,R103,RECTOR ST,1,IRT,329,40.707513,-74.013783
R304,R102,RECTOR ST,1,IRT,329,40.707513,-74.013783
R305,R107,CORTLANDT ST,1,IRT,328,40.711835,-74.012188
R305,R106,CORTLANDT ST,1,IRT,328,40.711835,-74.012188
R305,R108,CORTLANDT ST,1,IRT,328,40.711835,-74.012188
R305,R109,CORTLANDT ST,1,IRT,328,40.711835,-74.012188
R306,R196,238 ST,1,IRT,294,40.884667,-73.90087
R307,R259,138 ST-GR CONC,45,IRT,391,40.813224,-73.929849
R308,R285,MT EDEN AVE,4,IRT,386,40.844434,-73.914685
R309,R286,176 ST,4,IRT,385,40.84848,-73.911794
R310,R530,111 ST,7,IRT,449,40.75173,-73.855334
R311,A064,BOWERY,JZ,BMT,103,40.72028,-73.993915
R312,G011,W 8 ST-AQUARIUM,FQ,BMT,57,40.576127,-73.975939
R312,G015,W 8 ST-AQUARIUM,FQ,BMT,57,40.576127,-73.975939
R313,H033,BUSHWICK AVE,L,BMT,131,40.682829,-73.905249
R314,N037,103 ST,BC,IND,156,40.796092,-73.961454
R315,N202,155 ST,BD,IND,220,40.830135,-73.938209
R316,N414,FLUSHING AVE,G,IND,287,40.700377,-73.950234
R316,N414A,FLUSHING AVE,G,IND,287,40.700377,-73.950234
R317,N420B,CLINTON-WASH AV,G,IND,291,40.688089,-73.966839
R318,N422,FULTON ST,G,IND,292,40.687119,-73.975375
R319,N601,LEXINGTON AVE,F,IND,223,40.764629,-73.966113
R320,R119,CANAL ST,1,IRT,325,40.722854,-74.006277
R320,R120,CANAL ST,1,IRT,325,40.722854,-74.006277
R321,R129,18 ST,1,IRT,321,40.74104,-73.997871
R321,R130,18 ST,1,IRT,321,40.74104,-73.997871
R322,R215,SPRING ST,6,IRT,409,40.722301,-73.997141
R322,R216,SPRING ST,6,IRT,409,40.722301,-73.997141
R323,R301,110 ST-CPN,23,IRT,441,40.799075,-73.951822
R324,R303,116 ST,23,IRT,440,40.802098,-73.949625
R324,R302,116 ST,23,IRT,440,40.802098,-73.949625
R325,R413,WHITLOCK AVE,6,IRT,370,40.826525,-73.886283
R326,R419,ZEREGA AVE,6,IRT,364,40.836488,-73.847036
R327,R521,52 ST-LINCOLN,7,IRT,457,40.744149,-73.912549
R328,R532,METS-WILLETS PT,7,IRT,448,40.754622,-73.845625
R328,R532G,METS-WILLETS PT,7,IRT,448,40.754622,-73.845625
R328,R532H,METS-WILLETS PT,7,IRT,448,40.754622,-73.845625
R329,R726,MORRIS PARK,5,IRT,446,40.854364,-73.860495
R330,H005,3 AVE,L,BMT,118,40.732849,-73.986122
R330,H006,3 AVE,L,BMT,118,40.732849,-73.986122
R331,N017,155 ST,C,IND,150,40.830518,-73.941514
R332,N024,135 ST,BC,IND,152,40.817894,-73.947649
R332,N023,135 ST,BC,IND,152,40.817894,-73.947649
R332,N022,135 ST,BC,IND,152,40.817894,-73.947649
R333,N030,116 ST,BC,IND,154,40.805085,-73.954882
R333,N029,116 ST,BC,IND,154,40.805085,-73.954882
R334,N035,CATHEDRL-110 ST,BC,IND,155,40.800603,-73.958161
R334,N034,CATHEDRL-110 ST,BC,IND,155,40.800603,-73.958161
R335,N191,BEACH 67 ST,A,IND,204,40.590927,-73.796924
R336,N192,BEACH 60 ST,A,IND,205,40.592374,-73.788522
R337,N193,BEACH 44 ST,A,IND,206,40.592943,-73.776013
R338,N194,BEACH 36 ST,A,IND,207,40.595398,-73.768175
R339,N312,36 ST,MR,IND,272,40.752039,-73.928781
R339,N311,36 ST,MR,IND,272,40.752039,-73.928781
R340,N322,65 ST,MR,IND,268,40.749669,-73.898453
R341,N334B,75 AVE,EF,IND,260,40.718331,-73.837324
R342,N604,JAMAICA-VAN WYC,E,IND,280,40.702566,-73.816859
R343,R117,FRANKLIN ST,1,IRT,326,40.719318,-74.006886
R343,R118,FRANKLIN ST,1,IRT,326,40.719318,-74.006886
R344,R308,145 ST,3,IRT,437,40.820421,-73.936245
R345,R309,148 ST-LENOX,3,IRT,436,40.82388,-73.93647
R346,R508,COURT SQ,7,IRT,606,40.747023,-73.945264
R347,R524,69 ST-FISK AVE,7,IRT,455,40.746325,-73.896403
R348,H035,ATLANTIC AVE,L,BMT,133,40.675345,-73.903097
R349,H037,SUTTER AVE,L,BMT,134,40.669367,-73.901975
R350,H038,LIVONIA AVE,L,BMT,135,40.664038,-73.900571
R352,J003,HEWES ST,JM,BMT,100,40.70687,-73.953431
R353,J005,LORIMER ST,JM,BMT,99,40.703869,-73.947408
R354,N137,OXFORD-104 ST,A,IND,193,40.681711,-73.837683
R355,N139,GREENWOOD-111,A,IND,194,40.684331,-73.832163
R355,N138,GREENWOOD-111,A,IND,194,40.684331,-73.832163
R356,N141,LEFFERTS BLVD,A,IND,195,40.685951,-73.825798
R357,N181,AQUEDUCT-N CNDT,A,IND,197,40.668234,-73.834058
R358,N195,BEACH 25 ST,A,IND,208,40.600066,-73.761353
R359,N307,COURT SQ-23 ST,EMG,IND,606,40.747023,-73.945264
R359,N400,COURT SQ,EMG,IND,606,40.747023,-73.945264
R359,N400A,COURT SQ,EMG,IND,606,40.747023,-73.945264
R360,N401,VAN ALSTON-21ST,G,IND,282,40.744065,-73.949724
R361,R328,PELHAM PARKWAY,25,IRT,424,40.857192,-73.867615
R361,R327,PELHAM PARKWAY,25,IRT,424,40.857192,-73.867615
R362,R329,ALLERTON AVE,25,IRT,423,40.865462,-73.867352
R363,R330,BURKE AVE,25,IRT,422,40.871356,-73.867164
R364,R331,GUN HILL ROAD,25,IRT,421,40.87785,-73.866256
R365,R332,219 ST,25,IRT,420,40.883895,-73.862633
R366,R333,225 ST,25,IRT,419,40.888022,-73.860341
R367,R334,233 ST,25,IRT,418,40.893193,-73.857473
R368,E001,9 AVE,D,BMT,59,40.646292,-73.994324
R369,E003,FT HAMILTON PKY,D,BMT,60,40.640914,-73.994304
R370,E009,71 ST,D,BMT,64,40.619589,-73.998864
R371,E011,79 ST,D,BMT,65,40.613501,-74.00061
R372,E012,18 AVE,D,BMT,66,40.607954,-74.001736
R373,E013,20 AVE,D,BMT,67,40.604556,-73.998168
R374,E014,BAY PARKWAY,D,BMT,68,40.601875,-73.993728
R375,H039,NEW LOTS AVE,L,BMT,136,40.658733,-73.899232
R376,H040,EAST 105 ST,L,BMT,137,40.650573,-73.899485
R377,J007,FLUSHING AVE,JM,BMT,98,40.70026,-73.941126
R378,J009,MYRTLE AVE,JMZ,BMT,97,40.697207,-73.935657
R379,J012,KOSCIUSZKO ST,J,BMT,96,40.693342,-73.928814
R380,J013,GATES AVE,JZ,BMT,95,40.68963,-73.92227
R381,J016,HALSEY ST,J,BMT,94,40.68637,-73.916559
R382,N129,GRANT AVE,A,IND,189,40.677044,-73.86505
R383,N131,HUDSON-80 ST,A,IND,190,40.679371,-73.858992
R383,N130,HUDSON-80 ST,A,IND,190,40.679371,-73.858992
R384,N133,BOYD-88 ST,A,IND,191,40.679843,-73.85147
R385,N134,ROCKAWAY BLVD,A,IND,192,40.680429,-73.843853
R385,N135,ROCKAWAY BLVD,A,IND,192,40.680429,-73.843853
R386,R322,174 ST,25,IRT,428,40.837288,-73.887734
R386,R321,174 ST,25,IRT,428,40.837288,-73.887734
R387,R323,E TREMONT AVE,25,IRT,427,40.840295,-73.880049
R387,R323A,E TREMONT AVE,25,IRT,427,40.840295,-73.880049
R388,R325,E 180 ST,25,IRT,426,40.841894,-73.873488
R389,R326,BRONX PARK EAST,25,IRT,425,40.848828,-73.868457
R390,D002,8 AVE,N,BMT,71,40.635064,-74.011719
R391,D003,FT HAMILTON PKY,N,BMT,72,40.631386,-74.005351
R391,D004,FT HAMILTON PKY,N,BMT,72,40.631386,-74.005351
R392,D008,18 AVE,N,BMT,74,40.620671,-73.990414
R393,D009,20 AVE,N,BMT,75,40.61741,-73.985026
R394,D010,BAY PKY-22 AVE,N,BMT,76,40.611815,-73.981848
R394,D011,BAY PKY-22 AVE,N,BMT,76,40.611815,-73.981848
R395,D012,KINGS HIGHWAY,N,BMT,77,40.603923,-73.980353
R396,D015,AVE U,N,BMT,78,40.597473,-73.979137
R397,D016,86 ST,N,BMT,79,40.592721,-73.97823
R398,D005,NEW UTRECHT AVE,ND,BMT,615,40.624842,-73.996353
R398,D006,NEW UTRECHT AVE,ND,BMT,615,40.624842,-73.996353
R399,E015,25 AVE,D,BMT,69,40.597704,-73.986829
R400,E016,BAY 50 ST,D,BMT,70,40.588841,-73.983765
R401,K017,CENTRAL AVE,M,BMT,114,40.697857,-73.927397
R402,K022,SENECA AVE,M,BMT,111,40.702762,-73.90774
R403,K024,FOREST AVE,M,BMT,110,40.704423,-73.903077
R404,K025,FRESH POND ROAD,M,BMT,109,40.706186,-73.895877
R405,R312,JACKSON AVE,25,IRT,433,40.81649,-73.907807
R406,R314,PROSPECT AVE,25,IRT,432,40.819585,-73.90177
R406,R315,PROSPECT AVE,25,IRT,432,40.819585,-73.90177
R407,R316,INTERVALE-163,25,IRT,431,40.822181,-73.896736
R408,R318,SIMPSON ST,25,IRT,430,40.824073,-73.893064
R408,R317,SIMPSON ST,25,IRT,430,40.824073,-73.893064
R409,R320,FREEMAN ST,25,IRT,429,40.829993,-73.891865
R409,R319,FREEMAN ST,25,IRT,429,40.829993,-73.891865
R410,X001,NYC & CO - 7 AV,1,IRT,316,40.761728,-73.983849
R411,B009,PARK PLACE,S,BMT,141,40.674772,-73.957624
R412,B010,BOTANIC GARDEN,S2345,BMT,626,40.670682,-73.958131
R413,K019,KNICKERBOCKER,M,BMT,113,40.698664,-73.919711
R414,N182,HOWARD BCH-JFK,A,IND,198,40.660476,-73.830301
R414,N182A,HOWARD BCH-JFK,A,IND,198,40.660476,-73.830301
R415,N183,BROAD CHANNEL,AS,IND,199,40.608382,-73.815925
R416,N184,BEACH 90 ST,AS,IND,200,40.588034,-73.813641
R417,N185,BEACH 98 ST,AS,IND,201,40.585307,-73.820558
R418,N186,BEACH 105 ST,AS,IND,202,40.583209,-73.827559
R419,N187,ROCKAWAY PK 116,AS,IND,203,40.580903,-73.835592
R420,N548,DITMAS AVE,F,IND,244,40.636119,-73.978172
R420,N547,DITMAS AVE,F,IND,244,40.636119,-73.978172
R421,N551,AVE I,F,IND,246,40.625322,-73.976127
R422,N553,22 AVE-BAY PKY,F,IND,247,40.620769,-73.975264
R423,N555,AVE N,F,IND,248,40.61514,-73.974197
R423,N554,AVE N,F,IND,248,40.61514,-73.974197
R424,N556,AVE P,F,IND,249,40.608944,-73.973022
R425,N559,AVE U,F,IND,251,40.596063,-73.973357
R426,N562,NEPTUNE AVE,F,IND,253,40.581011,-73.974574
R427,R421,MIDDLETOWN ROAD,6,IRT,362,40.843863,-73.836322
R428,R422,BUHRE AVE,6,IRT,361,40.84681,-73.832569
R429,R423,PELHAM BAY PARK,6,IRT,360,40.852462,-73.828121
R430,R727,PELHAM PARKWAY,5,IRT,445,40.858985,-73.855359
R431,R730,DYRE AVE,5,IRT,442,40.8883,-73.830834
R432,J017,CHAUNCEY ST,JZ,BMT,93,40.682893,-73.910456
R433,J020,ALABAMA AVE,J,BMT,91,40.676992,-73.898654
R434,J021,VAN SICLEN AVE,JZ,BMT,90,40.678024,-73.891688
R435,J022,CLEVELAND ST,J,BMT,89,40.679947,-73.884639
R436,J023,NORWOOD AVE,JZ,BMT,88,40.68141,-73.880039
R437,J024,CRESCENT ST,JZ,BMT,87,40.683194,-73.873785
R438,N121B,RALPH AVE,C,IND,182,40.678822,-73.920786
R439,N122,ROCKAWAY AVE,C,IND,183,40.67834,-73.911946
R439,N123B,ROCKAWAY AVE,C,IND,183,40.67834,-73.911946
R440,N125,LIBERTY AVE,C,IND,185,40.674542,-73.896548
R441,N126,VAN SICLEN AVE,C,IND,186,40.67271,-73.890358
R442,N127,SHEPHERD AVE,C,IND,187,40.67413,-73.88075
R443,N209,170 ST,BD,IND,217,40.839306,-73.9134
R443,N208,170 ST,BD,IND,217,40.839306,-73.9134
R444,R335,NEREID AVE,25,IRT,417,40.898379,-73.854376
R445,R401,138 ST-3 AVE,6,IRT,377,40.810476,-73.926138
R446,R402,BROOK AVE,6,IRT,376,40.807566,-73.91924
R446,R403,BROOK AVE,6,IRT,376,40.807566,-73.91924
R447,R404,CYPRESS AVE,6,IRT,375,40.805368,-73.914042
R447,R405,CYPRESS AVE,6,IRT,375,40.805368,-73.914042
R448,R406,E 143 ST,6,IRT,374,40.808719,-73.907657
R448,R407,E 143 ST,6,IRT,374,40.808719,-73.907657
R449,R408,E 149 ST,6,IRT,373,40.812118,-73.904098
R449,R409,E 149 ST,6,IRT,373,40.812118,-73.904098
R450,R410,LONGWOOD AVE,6,IRT,372,40.816104,-73.896435
R450,R411,LONGWOOD AVE,6,IRT,372,40.816104,-73.896435
R451,R637,WINTHROP ST,25,IRT,355,40.656652,-73.9502
R452,R161B,72 ST,123,IRT,313,40.778453,-73.98197
R452,R161A,72 ST,123,IRT,313,40.778453,-73.98197
R453,N508,23 ST-6 AVE,FM,IND,228,40.742878,-73.992821
R454,C015,PROSPECT AVE,R,BMT,30,40.665414,-73.992872
R455,C017,25 ST,R,BMT,31,40.660397,-73.998091
R456,R605,HOYT ST,23,IRT,336,40.690545,-73.985065
R457,MCB1,METROCARD BUS 1,23,BMT,NULL,NULL,NULL
R458,MCB2,METROCARD BUS 2,23,BMT,NULL,NULL,NULL
R459,OB01,ORCHARD BEACH,6,IND,NULL,NULL,NULL
R460,J002,MARCY AVE,JMZ,BMT,101,40.708359,-73.957757
R460,J001,MARCY AVE,JMZ,BMT,101,40.708359,-73.957757
R461,N519,BROADWAY/LAFAY,BDFQ6,IND,619,40.725915,-73.994659
R461,N519A,BROADWAY/LAFAY,BDFQ6,IND,619,40.725915,-73.994659
R462,A043,CANAL ST,JNQRZ6,BMT,623,40.718803,-74.000193
R462,A044,CANAL ST,JNQRZ6,BMT,623,40.718803,-74.000193
R463,A046,CANAL ST,JNQRZ6,BMT,623,40.718803,-74.000193
R463,R214,CANAL ST,JNQRZ6,IRT,623,40.718803,-74.000193
R464,N181A,AQUEDUCT TRACK,A,IND,196,40.672097,-73.835919
R465,MCV1,METROCARD VAN-1,1,BMT,NULL,NULL,NULL
R466,MCV2,METROCARD VAN-2,1,BMT,NULL,NULL,NULL
R467,MCV3,METROCARD VAN-3,1,BMT,NULL,NULL,NULL
R468,TRAM1,RIT-MANHATTAN,R,RIT,NULL,NULL,NULL
R469,TRAM2,RIT-ROOSEVELT,R,RIT,NULL,NULL,NULL
R470,X002,ELTINGVILLE PK,Z,SRT,514,40.544601,-74.16457
R526,LI001,LIB-HEMPSTEAD,F,LIB,NULL,NULL,NULL
R532,WCCTR,WEST COUNTY CTR,5,BEE,NULL,NULL,NULL
R535,JFK01,JFK HOWARD BCH,A,IND,NULL,NULL,NULL
R535,JFK02,JFK HOWARD BCH,A,IND,NULL,NULL,NULL
R536,JFK03,JFK JAMAICA CT1,E,IND,NULL,NULL,NULL
R537,JFK04,JFK JAMAICA CT2,E,IND,NULL,NULL,NULL
R538,LGA01,LGA AIRPORT CTB,7,IRT,NULL,NULL,NULL
R540,PTH08,PATH WTC,1,PTH,NULL,NULL,NULL
R540,PTH21,PATH WTC 2,1,PTH,NULL,NULL,NULL
R541,PTH13,THIRTY ST,1,PTH,NULL,NULL,NULL
R541,PTH17,THIRTY THIRD ST,1,PTH,NULL,NULL,NULL
R542,PTH12,TWENTY THIRD ST,1,PTH,NULL,NULL,NULL
R543,PTH05,EXCHANGE PLACE,1,PTH,NULL,NULL,NULL
R544,PTH02,HARRISON,1,PTH,NULL,NULL,NULL
R545,PTH11,14TH STREET,1,PTH,NULL,NULL,NULL
R546,PTH06,PAVONIA/NEWPORT,1,PTH,NULL,NULL,NULL
R547,PTH10,9TH STREET,1,PTH,NULL,NULL,NULL
R548,PTH09,CHRISTOPHER ST,1,PTH,NULL,NULL,NULL
R549,PTH01,NEWARK HW BMEBE,1,PTH,NULL,NULL,NULL
R549,PTH18,NEWARK BM BW,1,PTH,NULL,NULL,NULL
R549,PTH19,NEWARK C,1,PTH,NULL,NULL,NULL
R549,PTH20,NEWARK HM HE,1,PTH,NULL,NULL,NULL
R550,PTH07,CITY / BUS,1,PTH,NULL,NULL,NULL
R550,PTH16,LACKAWANNA,1,PTH,NULL,NULL,NULL
R551,PTH04,GROVE STREET,1,PTH,NULL,NULL,NULL
R552,PTH03,JOURNAL SQUARE,1,PTH,NULL,NULL,NULL